PhotoId,Product,Amount,TotalPrice
5886,Mok met foto,4,39.8
4472,Mok met foto,2,19.9
3680,Foto 10x15,2,5.1
1556,Foto 20x30,1,4.95
1209,Mok met foto,2,19.9
7260,Foto 20x30,3,14.85
2284,T-shirt,1,11.99
5720,Foto 10x15,1,2.55
1715,T-shirt,2,23.98
2175,Foto 20x30,2,9.9
2555,Mok met foto,1,9.95
1638,T-shirt,3,35.97
3171,Foto 10x15,2,5.1
1434,Foto 10x15,2,5.1
3316,Foto 20x30,1,4.95
2458,Mok met foto,1,9.95
1302,Foto 10x15,3,7.65
2792,Foto 20x30,5,24.75
8760,Foto 20x30,3,14.85
6008,Foto 10x15,4,10.2
6023,T-shirt,2,23.98
8208,T-shirt,1,11.99
3675,T-shirt,2,23.98
4969,Foto 10x15,1,2.55
6606,T-shirt,1,11.99
3406,Sleutelhanger,3,18.36
2190,Foto 20x30,5,24.75
6410,Foto 20x30,1,4.95
8886,Sleutelhanger,5,30.6
5311,Sleutelhanger,1,6.12
4575,T-shirt,2,23.98
3132,Mok met foto,1,9.95
5309,Foto 20x30,1,4.95
3070,Sleutelhanger,5,30.6
7501,Foto 10x15,1,2.55
6856,Mok met foto,2,19.9
2144,Sleutelhanger,1,6.12
9026,Foto 10x15,4,10.2
4654,Sleutelhanger,3,18.36
9488,Foto 20x30,1,4.95
3677,Foto 20x30,1,4.95
5238,T-shirt,3,35.97
1513,T-shirt,3,35.97
8377,Foto 20x30,4,19.8
4622,Sleutelhanger,1,6.12
8210,Mok met foto,2,19.9
3975,Foto 20x30,3,14.85
6902,Mok met foto,1,9.95
2502,Foto 20x30,2,9.9
9830,Mok met foto,4,39.8
2495,Sleutelhanger,2,12.24
7416,Sleutelhanger,1,6.12
4725,Foto 10x15,3,7.65
8240,Foto 20x30,3,14.85
2148,Mok met foto,3,29.85
5324,Mok met foto,1,9.95
2189,Sleutelhanger,1,6.12
4678,T-shirt,1,11.99
1777,Mok met foto,1,9.95
8553,Foto 20x30,1,4.95
4669,Sleutelhanger,5,30.6
5994,Foto 10x15,2,5.1
5758,T-shirt,1,11.99
8142,Foto 20x30,3,14.85
7941,Foto 10x15,1,2.55
5330,Sleutelhanger,1,6.12
1385,T-shirt,1,11.99
5256,Mok met foto,1,9.95
3804,Mok met foto,2,19.9
4725,Foto 20x30,3,14.85
5364,Mok met foto,4,39.8
2336,T-shirt,2,23.98
7403,T-shirt,2,23.98
6325,T-shirt,1,11.99
5843,Foto 10x15,4,10.2
6028,Foto 10x15,1,2.55
4072,Sleutelhanger,3,18.36
1828,T-shirt,4,47.96
6138,Mok met foto,3,29.85
1163,Foto 10x15,2,5.1
2721,T-shirt,3,35.97
1357,T-shirt,1,11.99
3538,Foto 10x15,3,7.65
8065,T-shirt,1,11.99
9025,Mok met foto,2,19.9
4716,Mok met foto,3,29.85
5934,Mok met foto,3,29.85
8042,Foto 20x30,3,14.85
5825,Mok met foto,1,9.95
1552,Sleutelhanger,1,6.12
7795,Foto 20x30,3,14.85
3006,Sleutelhanger,1,6.12
8392,Sleutelhanger,4,24.48
7708,Mok met foto,1,9.95
9582,T-shirt,1,11.99
5046,Sleutelhanger,2,12.24
8475,Mok met foto,3,29.85
4779,T-shirt,1,11.99
3824,Foto 20x30,1,4.95
4636,T-shirt,3,35.97
8881,Foto 20x30,1,4.95
2961,Foto 20x30,2,9.9
1710,Sleutelhanger,4,24.48
8070,Mok met foto,3,29.85
8568,Foto 10x15,5,12.75
5033,T-shirt,1,11.99
5859,T-shirt,1,11.99
7250,Foto 20x30,2,9.9
2865,Foto 20x30,1,4.95
2138,T-shirt,5,59.95
3678,T-shirt,1,11.99
8762,Mok met foto,3,29.85
3773,Foto 10x15,4,10.2
4292,Foto 20x30,4,19.8
3830,Mok met foto,1,9.95
6040,Foto 10x15,1,2.55
3543,Mok met foto,5,49.75
6214,Mok met foto,2,19.9
7941,T-shirt,2,23.98
3189,Sleutelhanger,2,12.24
4226,Foto 20x30,2,9.9
6857,T-shirt,1,11.99
5817,Mok met foto,1,9.95
6402,Mok met foto,1,9.95
7647,Mok met foto,1,9.95
1473,Sleutelhanger,4,24.48
6224,Sleutelhanger,1,6.12
2160,T-shirt,1,11.99
2309,Mok met foto,2,19.9
9024,Mok met foto,3,29.85
8185,Foto 20x30,1,4.95
3602,Foto 20x30,3,14.85
4342,Foto 10x15,1,2.55
6482,Foto 20x30,2,9.9
2504,Mok met foto,3,29.85
9177,Foto 20x30,2,9.9
5998,Foto 20x30,2,9.9
7572,Foto 10x15,3,7.65
2646,Mok met foto,1,9.95
1334,Mok met foto,1,9.95
6339,Foto 10x15,2,5.1
4167,T-shirt,1,11.99
5280,Foto 10x15,4,10.2
2206,Mok met foto,2,19.9
1116,Foto 20x30,2,9.9
2446,Sleutelhanger,3,18.36
3834,Mok met foto,2,19.9
3206,Foto 10x15,1,2.55
6292,Foto 10x15,1,2.55
2041,Sleutelhanger,4,24.48
4334,Mok met foto,1,9.95
8749,T-shirt,1,11.99
8242,T-shirt,3,35.97
5098,Foto 20x30,1,4.95
3788,Foto 10x15,1,2.55
1806,T-shirt,5,59.95
1291,Foto 20x30,1,4.95
7605,Foto 10x15,3,7.65
2689,Foto 20x30,1,4.95
7411,Foto 10x15,2,5.1
5139,Sleutelhanger,2,12.24
4599,Mok met foto,4,39.8
8602,Foto 20x30,5,24.75
8189,Foto 10x15,3,7.65
9501,Mok met foto,3,29.85
3947,T-shirt,3,35.97
1823,Mok met foto,4,39.8
2824,Mok met foto,1,9.95
7974,Sleutelhanger,2,12.24
5947,Foto 20x30,3,14.85
6995,T-shirt,4,47.96
6124,T-shirt,4,47.96
5338,Foto 10x15,1,2.55
9796,Sleutelhanger,2,12.24
7229,T-shirt,1,11.99
3250,Foto 10x15,2,5.1
8038,Foto 10x15,1,2.55
3079,Foto 20x30,1,4.95
7306,Foto 20x30,1,4.95
1670,Foto 10x15,1,2.55
5768,T-shirt,1,11.99
2965,Sleutelhanger,1,6.12
6856,Sleutelhanger,1,6.12
2905,Foto 10x15,2,5.1
7580,Sleutelhanger,1,6.12
8747,Mok met foto,4,39.8
2998,Foto 20x30,4,19.8
8444,Foto 20x30,1,4.95
6812,T-shirt,4,47.96
7542,T-shirt,4,47.96
8115,Mok met foto,1,9.95
4222,Mok met foto,3,29.85
3727,Mok met foto,3,29.85
7368,T-shirt,1,11.99
9702,Foto 10x15,4,10.2
9242,Mok met foto,4,39.8
4976,Foto 20x30,2,9.9
5837,Foto 10x15,1,2.55
9107,Sleutelhanger,1,6.12
5579,Mok met foto,1,9.95
3522,Foto 10x15,3,7.65
2162,Foto 20x30,1,4.95
3389,T-shirt,3,35.97
1169,Foto 10x15,2,5.1
3360,Sleutelhanger,1,6.12
5500,T-shirt,2,23.98
9288,Foto 20x30,2,9.9
4987,T-shirt,3,35.97
5796,Mok met foto,2,19.9
4079,Mok met foto,4,39.8
8859,Sleutelhanger,1,6.12
5503,Foto 20x30,3,14.85
5165,Foto 10x15,3,7.65
6047,Sleutelhanger,2,12.24
7971,Foto 10x15,2,5.1
6079,T-shirt,2,23.98
3359,T-shirt,1,11.99
4933,Sleutelhanger,1,6.12
5135,Foto 20x30,1,4.95
8900,Foto 20x30,2,9.9
4612,Mok met foto,1,9.95
2970,Mok met foto,4,39.8
8882,T-shirt,2,23.98
5501,Foto 10x15,2,5.1
6666,Sleutelhanger,3,18.36
5936,Sleutelhanger,1,6.12
4305,Foto 10x15,1,2.55
6676,Sleutelhanger,1,6.12
5466,Foto 10x15,1,2.55
4520,Sleutelhanger,1,6.12
2562,Sleutelhanger,4,24.48
9448,T-shirt,3,35.97
7288,Foto 10x15,1,2.55
6773,Foto 10x15,2,5.1
3096,Sleutelhanger,2,12.24
3425,Foto 20x30,2,9.9
9055,Foto 10x15,1,2.55
8913,Foto 10x15,1,2.55
4309,Sleutelhanger,1,6.12
9864,Foto 20x30,1,4.95
8268,T-shirt,2,23.98
5105,Mok met foto,3,29.85
4685,Sleutelhanger,3,18.36
9035,Mok met foto,2,19.9
1075,Sleutelhanger,2,12.24
3372,Foto 20x30,1,4.95
6031,Mok met foto,2,19.9
3229,Sleutelhanger,1,6.12
8624,Foto 20x30,1,4.95
8810,Mok met foto,3,29.85
2466,T-shirt,3,35.97
8484,T-shirt,1,11.99
5771,Foto 20x30,1,4.95
7955,Sleutelhanger,2,12.24
6388,T-shirt,2,23.98
6563,Foto 20x30,2,9.9
4295,Sleutelhanger,2,12.24
8313,Foto 10x15,3,7.65
3188,Foto 10x15,1,2.55
7609,Sleutelhanger,4,24.48
3837,Mok met foto,1,9.95
5761,Foto 10x15,2,5.1
2467,Sleutelhanger,1,6.12
9875,Foto 20x30,1,4.95
3316,Foto 10x15,1,2.55
5307,Sleutelhanger,1,6.12
8560,Sleutelhanger,3,18.36
7309,Mok met foto,1,9.95
9273,T-shirt,3,35.97
6368,Foto 20x30,3,14.85
7556,Foto 10x15,1,2.55
1784,Foto 20x30,4,19.8
6687,T-shirt,1,11.99
8918,Foto 20x30,1,4.95
2793,Mok met foto,1,9.95
2559,Sleutelhanger,2,12.24
6191,T-shirt,1,11.99
4232,Foto 10x15,1,2.55
6508,Sleutelhanger,2,12.24
4145,T-shirt,1,11.99
4995,Foto 10x15,1,2.55
5879,T-shirt,1,11.99
6323,Mok met foto,4,39.8
4564,Foto 10x15,2,5.1
3958,Foto 20x30,1,4.95
3062,Foto 10x15,1,2.55
5961,T-shirt,2,23.98
5397,Foto 10x15,2,5.1
2837,Foto 10x15,2,5.1
1959,Sleutelhanger,1,6.12
9706,Foto 20x30,1,4.95
2293,T-shirt,1,11.99
1327,T-shirt,1,11.99
3514,Sleutelhanger,1,6.12
7578,Foto 10x15,4,10.2
2598,T-shirt,2,23.98
4199,Sleutelhanger,1,6.12
1508,Mok met foto,2,19.9
3356,T-shirt,2,23.98
9166,T-shirt,2,23.98
5280,Sleutelhanger,3,18.36
9811,Foto 20x30,2,9.9
2315,Mok met foto,3,29.85
7810,Foto 20x30,2,9.9
7646,Foto 20x30,4,19.8
6447,Mok met foto,3,29.85
3220,Foto 10x15,2,5.1
2251,T-shirt,3,35.97
4554,Foto 10x15,3,7.65
3191,Sleutelhanger,3,18.36
2450,Foto 20x30,3,14.85
1212,T-shirt,3,35.97
5537,T-shirt,4,47.96
7853,T-shirt,3,35.97
1713,Foto 20x30,3,14.85
8732,Foto 10x15,4,10.2
3290,Mok met foto,4,39.8
9707,Sleutelhanger,1,6.12
3291,Mok met foto,3,29.85
4569,Sleutelhanger,3,18.36
4865,Foto 10x15,1,2.55
6534,Sleutelhanger,1,6.12
4117,Mok met foto,2,19.9
1788,T-shirt,1,11.99
3790,Mok met foto,3,29.85
7996,Sleutelhanger,3,18.36
6885,Foto 20x30,3,14.85
2606,T-shirt,3,35.97
9315,Mok met foto,2,19.9
8089,Foto 20x30,1,4.95
7200,Foto 20x30,2,9.9
8893,Foto 20x30,1,4.95
9300,T-shirt,1,11.99
8015,T-shirt,3,35.97
8600,Mok met foto,2,19.9
8112,Sleutelhanger,1,6.12
2225,Foto 10x15,2,5.1
4714,Mok met foto,2,19.9
2466,T-shirt,2,23.98
1360,Foto 10x15,1,2.55
4278,Sleutelhanger,2,12.24
4886,Mok met foto,2,19.9
8306,Foto 20x30,1,4.95
3494,Foto 20x30,1,4.95
6941,Foto 10x15,4,10.2
7187,T-shirt,1,11.99
7668,Sleutelhanger,3,18.36
2705,Sleutelhanger,3,18.36
2585,Foto 20x30,1,4.95
5148,Sleutelhanger,3,18.36
2758,Foto 20x30,1,4.95
4168,T-shirt,2,23.98
8400,Foto 10x15,1,2.55
1611,Mok met foto,3,29.85
5958,Foto 10x15,4,10.2
7159,T-shirt,2,23.98
3567,Mok met foto,1,9.95
3455,Mok met foto,2,19.9
3907,Foto 20x30,2,9.9
5143,Mok met foto,1,9.95
2940,Sleutelhanger,1,6.12
6647,Foto 10x15,1,2.55
2237,Foto 20x30,2,9.9
3881,Foto 20x30,1,4.95
4104,Sleutelhanger,3,18.36
2717,Foto 10x15,1,2.55
1718,Mok met foto,3,29.85
6100,Mok met foto,1,9.95
5194,Foto 20x30,4,19.8
6190,Foto 20x30,1,4.95
1355,Sleutelhanger,3,18.36
7920,Foto 20x30,1,4.95
6634,Foto 20x30,1,4.95
7944,Foto 10x15,1,2.55
2918,Sleutelhanger,3,18.36
8194,Foto 20x30,1,4.95
6425,Foto 10x15,1,2.55
4503,Foto 10x15,1,2.55
8965,Sleutelhanger,2,12.24
9897,Mok met foto,3,29.85
6519,Sleutelhanger,3,18.36
3321,Foto 20x30,2,9.9
7688,Foto 10x15,1,2.55
2689,Foto 10x15,2,5.1
3399,Foto 20x30,1,4.95
9699,Sleutelhanger,5,30.6
1999,Foto 20x30,1,4.95
1498,Mok met foto,1,9.95
7490,T-shirt,1,11.99
5561,Foto 10x15,2,5.1
7730,T-shirt,3,35.97
2832,T-shirt,3,35.97
5137,Foto 10x15,4,10.2
1382,Foto 20x30,2,9.9
2393,Sleutelhanger,1,6.12
8475,Mok met foto,3,29.85
4888,Foto 20x30,2,9.9
2214,Foto 20x30,4,19.8
5964,Sleutelhanger,2,12.24
6784,Foto 20x30,1,4.95
2856,T-shirt,1,11.99
7907,T-shirt,3,35.97
7661,Foto 20x30,3,14.85
9041,Sleutelhanger,2,12.24
2319,Foto 20x30,4,19.8
4706,Sleutelhanger,5,30.6
6566,Mok met foto,3,29.85
9074,Mok met foto,3,29.85
2958,Foto 20x30,1,4.95
7809,T-shirt,3,35.97
6245,T-shirt,1,11.99
1617,Sleutelhanger,1,6.12
8205,Sleutelhanger,4,24.48
5431,Foto 20x30,3,14.85
4420,Foto 10x15,2,5.1
9743,Foto 20x30,2,9.9
1846,Mok met foto,3,29.85
8929,T-shirt,3,35.97
8149,T-shirt,5,59.95
4198,T-shirt,4,47.96
8137,Foto 10x15,4,10.2
6299,Mok met foto,3,29.85
4920,Foto 20x30,2,9.9
1034,Foto 10x15,1,2.55
5430,T-shirt,1,11.99
4833,Sleutelhanger,2,12.24
6877,T-shirt,1,11.99
4743,T-shirt,1,11.99
7914,Mok met foto,4,39.8
6870,T-shirt,1,11.99
8399,Foto 10x15,5,12.75
5444,Mok met foto,1,9.95
9079,T-shirt,1,11.99
7263,T-shirt,5,59.95
5640,Foto 10x15,3,7.65
3998,Foto 10x15,1,2.55
6224,T-shirt,2,23.98
3000,Foto 20x30,1,4.95
7070,Sleutelhanger,1,6.12
3741,Foto 20x30,1,4.95
7295,Sleutelhanger,2,12.24
1189,Mok met foto,4,39.8
4045,Foto 10x15,1,2.55
9675,Foto 20x30,5,24.75
3281,Foto 20x30,3,14.85
9143,Mok met foto,2,19.9
3592,Sleutelhanger,2,12.24
4992,T-shirt,3,35.97
9259,Foto 10x15,1,2.55
7590,T-shirt,4,47.96
3086,T-shirt,1,11.99
8278,Foto 20x30,4,19.8
6628,Sleutelhanger,1,6.12
8139,Mok met foto,2,19.9
3478,T-shirt,4,47.96
7276,Sleutelhanger,1,6.12
5256,Mok met foto,1,9.95
7863,Foto 10x15,1,2.55
7916,Sleutelhanger,2,12.24
1128,Mok met foto,1,9.95
5621,Foto 20x30,3,14.85
1846,Foto 10x15,1,2.55
1851,Foto 20x30,3,14.85
2442,T-shirt,3,35.97
7525,Mok met foto,2,19.9
1761,Sleutelhanger,3,18.36
4015,Foto 20x30,1,4.95
3905,Foto 10x15,3,7.65
4557,Foto 20x30,3,14.85
2596,T-shirt,3,35.97
6012,Sleutelhanger,2,12.24
5625,Foto 10x15,2,5.1
6256,Mok met foto,1,9.95
5089,Foto 20x30,1,4.95
7912,Foto 10x15,4,10.2
1251,Foto 20x30,1,4.95
6379,Sleutelhanger,2,12.24
3511,Sleutelhanger,3,18.36
6282,Sleutelhanger,3,18.36
2746,Foto 20x30,2,9.9
9001,Foto 10x15,3,7.65
2456,Mok met foto,3,29.85
8363,Foto 20x30,4,19.8
3406,Foto 20x30,3,14.85
3674,Foto 20x30,1,4.95
7864,Sleutelhanger,2,12.24
2924,T-shirt,1,11.99
4695,Foto 10x15,1,2.55
2976,Foto 20x30,1,4.95
1697,Foto 20x30,1,4.95
9391,T-shirt,1,11.99
9316,T-shirt,3,35.97
2655,Mok met foto,2,19.9
3287,T-shirt,2,23.98
3200,Mok met foto,1,9.95
4625,Sleutelhanger,2,12.24
2187,Mok met foto,3,29.85
1768,T-shirt,4,47.96
5216,Sleutelhanger,3,18.36
4722,Sleutelhanger,3,18.36
7643,Foto 20x30,3,14.85
5224,Foto 10x15,3,7.65
3193,Foto 20x30,1,4.95
9903,Sleutelhanger,1,6.12
3027,Sleutelhanger,2,12.24
3024,Mok met foto,1,9.95
2718,Mok met foto,2,19.9
6280,T-shirt,5,59.95
5748,T-shirt,3,35.97
6039,Foto 20x30,1,4.95
2768,Sleutelhanger,2,12.24
8938,Sleutelhanger,2,12.24
2949,Foto 10x15,3,7.65
8006,T-shirt,1,11.99
9547,Foto 20x30,1,4.95
3027,Foto 10x15,1,2.55
9443,Foto 10x15,2,5.1
8026,Foto 20x30,1,4.95
5367,Foto 10x15,2,5.1
1658,Mok met foto,1,9.95
5290,Mok met foto,1,9.95
1444,Sleutelhanger,1,6.12
9536,Mok met foto,1,9.95
4525,T-shirt,1,11.99
8325,Foto 20x30,2,9.9
2516,Foto 10x15,2,5.1
6988,T-shirt,4,47.96
3919,T-shirt,3,35.97
5426,Foto 10x15,1,2.55
6118,Foto 20x30,1,4.95
1152,Foto 10x15,3,7.65
9492,Sleutelhanger,3,18.36
4786,Mok met foto,2,19.9
4564,Mok met foto,1,9.95
2180,Mok met foto,1,9.95
2206,T-shirt,3,35.97
9459,T-shirt,1,11.99
4655,Foto 20x30,1,4.95
1583,Foto 10x15,1,2.55
7685,Foto 10x15,1,2.55
1431,Foto 10x15,2,5.1
4563,Foto 10x15,2,5.1
7242,Foto 10x15,4,10.2
4878,Mok met foto,2,19.9
7519,Mok met foto,2,19.9
1390,Foto 10x15,1,2.55
4496,Mok met foto,3,29.85
4637,Sleutelhanger,2,12.24
5931,Foto 10x15,1,2.55
4618,T-shirt,1,11.99
6825,Mok met foto,3,29.85
1071,Sleutelhanger,1,6.12
8305,Foto 20x30,2,9.9
9276,Mok met foto,3,29.85
4860,T-shirt,2,23.98
1602,Mok met foto,4,39.8
8708,Foto 20x30,1,4.95
3499,Mok met foto,1,9.95
3325,T-shirt,3,35.97
4443,Foto 20x30,3,14.85
6210,Foto 20x30,1,4.95
6820,Sleutelhanger,1,6.12
4945,Foto 20x30,1,4.95
8677,Foto 10x15,4,10.2
8578,Foto 10x15,2,5.1
7092,Foto 20x30,4,19.8
6494,Foto 10x15,1,2.55
7707,Foto 20x30,1,4.95
7850,Sleutelhanger,1,6.12
3942,Foto 20x30,3,14.85
2117,Foto 10x15,1,2.55
3153,T-shirt,1,11.99
8288,Mok met foto,1,9.95
3864,Foto 10x15,1,2.55
8997,Sleutelhanger,1,6.12
9577,Sleutelhanger,3,18.36
4292,Foto 20x30,3,14.85
1718,Sleutelhanger,2,12.24
7963,Foto 20x30,4,19.8
5019,Mok met foto,3,29.85
6762,Foto 20x30,1,4.95
6907,Sleutelhanger,1,6.12
1349,Foto 10x15,1,2.55
8238,T-shirt,3,35.97
3199,Mok met foto,1,9.95
4724,Sleutelhanger,1,6.12
1563,Sleutelhanger,1,6.12
5868,Foto 20x30,3,14.85
6225,Foto 10x15,2,5.1
6466,Foto 10x15,1,2.55
3557,Sleutelhanger,2,12.24
3175,Sleutelhanger,1,6.12
6033,Foto 20x30,2,9.9
5926,Mok met foto,5,49.75
2726,Sleutelhanger,1,6.12
8786,Sleutelhanger,1,6.12
3890,Foto 10x15,2,5.1
7431,Foto 10x15,1,2.55
5755,Sleutelhanger,1,6.12
2276,Foto 10x15,3,7.65
5633,Sleutelhanger,3,18.36
4939,Foto 20x30,1,4.95
8153,Foto 10x15,1,2.55
6024,Sleutelhanger,3,18.36
8290,Sleutelhanger,2,12.24
1157,Mok met foto,2,19.9
2106,Mok met foto,1,9.95
8342,Foto 20x30,2,9.9
6713,T-shirt,2,23.98
1820,T-shirt,4,47.96
3280,Sleutelhanger,1,6.12
8162,Sleutelhanger,2,12.24
4647,Sleutelhanger,1,6.12
7262,Foto 20x30,3,14.85
1260,Foto 20x30,1,4.95
9796,T-shirt,4,47.96
4154,Foto 10x15,1,2.55
5101,Foto 20x30,1,4.95
3660,Mok met foto,1,9.95
5454,Foto 20x30,2,9.9
8053,T-shirt,4,47.96
3878,Foto 20x30,1,4.95
